log_death_rate,State,Deep_Pov_All,PovertyAllAgesPct,PerCapitaInc,UnempRate2019,PctEmpFIRE,PctEmpConstruction,PctEmpTrans,PctEmpMining,PctEmpTrade,PctEmpInformation,PctEmpAgriculture,PctEmpManufacturing,PctEmpServices,PopDensity2010,OwnHomePct,Age65AndOlderPct2010,TotalPop25Plus,Under18Pct2010,Ed2HSDiplomaOnlyPct,Ed3SomeCollegePct,Ed4AssocDegreePct,Ed5CollegePlusPct,ForeignBornPct,Net_International_Migration_Rate_2010_2019,NetMigrationRate1019,NaturalChangeRate1019,TotalPopEst2019,WhiteNonHispanicPct2010,Type_2015_Update,RuralUrbanContinuumCode2013,UrbanInfluenceCode2013,Perpov_1980_0711,HiCreativeClass2000,HiAmenity,Retirement_Destination_2015_Update
-7.05684288108091,DC,9.201243793,16.1,53321,5.5,6.704876027,2.711040808,3.129790842,0.020043663,5.194829818,3.753582128,0.108885843,1.268709676,60.86068571,9856.49,41.79232339,11.44,486981,16.75,17.16124448,12.85840721,3.005661412,57.56877578,14.04795923,5.471,9.877,6.732,705749,34.81,4,1,1,0,1,0,0
-9.19457123557137,ME,4.959923206,12.3,27231,3,7.205906845,5.577453321,3.675123522,0.005551546,15.48141157,1.83386073,1.312015396,11.57312311,50.12490979,230.17,64.34679387,14.1,74517,22.57,36.53931318,20.63287572,10.91428801,22.19627736,3.260303042,1.026,-1.034,1.563,108277,91.86,0,3,2,0,0,0,0
-10.4201511024023,ME,6.348990654,15.3,24571,4.6,3.930072281,6.350647168,5.937132291,0.036981005,14.4461254,1.499411666,5.994284754,10.53958649,44.89494033,10.77,71.72541744,18.99,50402,20.01,37.21876116,20.67378279,10.66227531,18.92186818,4.403169814,0.506,-3.849,-2.628,67055,95.09,0,7,11,0,0,0,0
-8.33206770728955,ME,4.251473117,8.2,38644,2.4,9.357004271,5.330300081,3.351041079,0.119015887,15.07224636,2.30345332,1.029611401,6.85829051,53.98610242,337.24,68.74128152,14.26,209427,20.91,22.27936226,17.03839524,9.021759372,46.70075969,6.142762868,2.039,4.267,0.54,295003,91.76,5,2,2,0,1,0,0
-9.62248313483759,ME,3.480342829,14.5,26030,3.8,4.646280876,8.865719684,3.981526835,0.160940452,12.79126723,0.937653068,4.303407739,9.824364985,49.91253236,18.13,79.17407125,16.77,21546,19.65,37.19019772,19.4374826,10.61449921,25.40610786,1.255871282,0.286,0.407,-2.1,30199,96.63,5,6,6,0,0,0,0
-10.221741263652,ME,4.525849892,11.6,32491,3.5,4.444278179,7.994463357,3.740974898,0.130934121,14.7843328,1.533799708,6.557928996,5.375780929,52.55321537,34.29,75.37639425,18.26,41343,18.33,32.29083521,20.45569988,9.072878117,32.31018552,3.144423461,1.014,3.426,-2.254,54987,96.21,5,6,6,0,1,1,0
-9.22935837781194,ME,5.358871995,11.2,29084,2.9,4.209168519,6.761825557,3.633802339,0.101834722,16.70259169,1.454539283,1.673483936,7.476365858,49.48149154,140.8,70.7054441,15.52,87317,20.72,32.91111696,21.17915183,10.58785803,27.05315116,2.408161586,0.439,1.274,-1.089,122302,95.41,4,4,5,0,1,0,0
-9.8978215309095,ME,4.652741514,11,31612,2.9,6.502487562,8.646766169,4.288557214,0,14.33333333,1.482587065,5.547263682,7.76119403,47.88557214,108.83,76.87689438,19.11,30031,19.4,33.4953881,19.95937531,9.227131964,31.02460791,2.752178389,0.695,2.917,-2.811,39772,96.48,5,7,11,0,1,1,0
-9.75950170200775,ME,4.847616489,11.1,32400,3,4.00515211,9.077526987,2.465652601,0.226938175,14.02109912,1.656035329,5.366781158,9.801275761,48.90210991,75.59,78.06401249,21.46,26146,18.77,33.17524669,19.10426069,7.798516025,32.74305821,3.02051839,0.555,4.263,-3.539,34634,97.04,5,8,7,0,1,1,0
-10.967801659157,ME,5.06438678,16.7,23770,3.6,4.23331655,9.365196173,4.070645649,0.05809675,16.19350091,1.037995275,3.110112708,10.51551183,47.86784926,27.85,80.50831171,17.02,42314,21.3,43.29772652,18.59668195,10.19048069,19.00080352,1.461840384,0.282,2.608,-2.269,57975,96.11,5,6,6,0,0,1,0
-9.9867120062698,ME,6.860361818,14.7,27289,3.2,4.157552245,6.585771871,4.513874558,0.056406235,17.48042979,1.32485864,1.667423336,5.095821811,55.26022535,45.31,69.70184157,14.46,107392,19.72,33.59002533,20.47079857,10.3806615,27.13516836,2.730184253,0.523,-0.42,-0.693,152148,94.66,0,3,2,0,1,0,0
-9.72836005632241,ME,7.773808803,17.5,24062,3.7,2.999684244,8.778023366,4.62582886,0.015787812,12.78812757,2.068203347,2.79444269,17.69813704,42.81654563,4.43,75.58787549,20.33,12925,19.19,40.37137331,19.0483559,12.25531915,18.32108317,1.918635637,0.416,0.644,-5.003,16785,96.34,3,8,6,0,0,1,1
-10.4873219731554,ME,4.149661805,8.7,34432,2.3,4.272855439,7.737772476,2.223186205,0,15.65990673,1.588764776,2.591909771,14.14705563,45.79221343,139.12,75.70896229,16.4,26308,21.03,30.07070093,20.07374183,8.453702296,35.51771324,3.738980072,0.074,2.577,-0.795,35856,95.38,3,2,2,0,1,0,0
-10.136304168546,ME,6.837658177,16.1,23557,4.5,3.525173294,9.444545786,5.887449836,0.031922656,14.80755199,1.473002554,5.317402408,12.13973003,43.69755564,13.31,75.78135884,16.35,37429,21.4,40.2148067,19.09481952,12.1296321,16.46584199,1.630842043,0.109,-1.523,-1.794,50484,96.57,0,6,6,0,0,0,0
-7.88148438550356,ME,5.595494537,13.7,28860,3.2,6.111170156,9.076416197,3.767669253,0.21256244,13.94409608,1.445424593,3.209692847,7.678818153,49.8086938,53.14,79.5863362,16.19,29041,21.01,32.56086223,20.88771048,9.376398884,29.57542784,2.351717489,1,3.385,-1.074,39715,96.56,5,6,6,0,1,0,0
-10.3539578932108,ME,7.077998432,18.3,24647,4.6,3.805529668,6.741223983,4.597701149,0.062131097,12.80677229,1.071761417,12.97763281,8.216837527,43.45293569,12.82,76.43053745,19.56,23308,19.98,39.03809851,19.619873,8.889651622,20.82546765,4.123808923,1.008,-0.682,-3.729,31379,91.3,0,7,11,0,0,1,0
-9.47098681568023,ME,3.32953913,9,35052,2.7,7.092444211,7.311479706,3.435300285,0.08518047,15.03762917,2.033098697,0.805002247,12.54212221,47.77501123,198.98,74.24747188,15.4,148451,21.35,30.58517625,20.62768186,10.42296785,31.36859974,3.316560152,0.288,5.687,-0.398,207641,95.58,4,2,2,0,1,0,0
-8.11768175355987,MD,7.596809869,16.7,23280,5.2,4.909784872,6.242192922,6.485079806,0.697432339,13.69882026,1.92574601,0.235947259,8.369188064,49.6981263,177.03,68.62090024,17.85,50190,18,41.85495119,19.98406057,9.860529986,18.25263997,2.099281715,0.724,-3.103,-2.965,70416,88.16,4,3,2,0,0,1,0
-7.79719459914678,MD,3.056158802,7,44979,3.1,5.610228806,6.728233997,4.256637835,0.039036016,12.83257658,1.931255522,0.188674077,4.907922942,50.24791294,1295.86,74.34525214,11.84,390445,23.26,23.82691544,19.55691583,7.831320673,40.93303794,8.323468899,1.463,2.893,4.515,579234,72.42,4,1,1,0,1,0,0
-7.22078123345844,MD,4.438057917,9.9,38580,3.7,7.716976585,5.828833494,4.934274104,0.029587987,12.7278454,1.965453639,0.233601932,5.254015257,53.26100184,1345.52,65.71826674,14.59,574109,21.96,26.22184986,19.38603993,6.909140947,38.62907566,12.4423501,2.903,0.659,1.908,827370,62.68,0,1,1,0,1,0,0
-8.06795994281378,MD,2.604339828,5.4,43504,3.2,4.570475035,11.33191748,4.949722607,0.034674064,11.6331484,1.610176838,0.468099861,3.920336338,44.35896325,416.31,83.10849146,10.91,61710,26.18,30.34192189,23.74169503,8.669583536,31.13271755,2.908368284,0.592,1.534,2.441,92525,79.65,5,1,1,0,1,0,0
-9.03025631012242,MD,7.108579213,13.2,27866,3.6,3.710401596,11.45547518,6.080069843,0.13095535,14.33649289,1.515340484,3.14916438,7.383387378,45.77824894,103.52,72.41122424,13.35,22389,25.24,40.65389254,17.83911742,8.513109116,16.86542499,4.736121673,1.422,-0.551,1.622,33406,78.19,0,6,4,0,0,0,0
-7.21410674673237,MD,2.542874039,6,40667,2.9,7.300082955,9.991022625,3.707996682,0.046591439,12.38991352,2.386390754,0.842055023,6.271662178,48.58350663,373.4,82.16377171,13.05,115982,24.67,29.92447104,19.16676726,7.518408029,35.59172975,3.789949977,0.236,0.147,0.591,168447,91.2,0,1,1,0,1,0,0
-8.07535905024735,MD,4.451120686,8.3,32976,4,6.517130006,9.249608655,6.63800107,0.214001229,14.08643272,1.53961995,1.050191214,9.259516119,45.28900073,291.99,72.77010561,11.74,70507,25.08,37.70689435,21.73543052,6.745429532,22.7948998,3.486251061,0.481,-0.09,1.76,102855,87.38,0,1,1,0,1,0,0
-7.44921628418698,MD,3.169923069,6.6,39696,3.6,5.046728972,8.162414751,5.279110887,0.066936095,11.64814347,1.663298813,0.223541298,2.822682496,46.37408436,320.16,76.49678908,9.45,105078,26.53,31.38906336,24.30765717,8.502255467,28.91090428,6.04042595,0.841,5.864,5.075,163257,48.38,0,1,1,0,1,0,0
-8.42542245467234,MD,7.429182255,15.4,30135,4.8,4.760339273,6.081925176,3.866131896,0.249852061,14.24814255,1.768689592,3.596554672,11.67729634,46.77493589,60.32,67.43063932,17.69,23253,21.67,39.42717069,20.801617,5.943319142,20.75861179,3.434487462,0.997,-1.86,-0.462,31929,66.16,0,6,5,0,0,0,0
-7.63041888147428,MD,3.185832714,6.2,41432,3.2,6.40450634,7.89217624,3.303737039,0.107945389,11.73868094,2.488065193,0.905372944,5.928634415,52.24100708,353.5,74.8088179,11.1,168435,25.3,24.26217829,19.18188025,8.278564431,40.62813548,10.63339129,2.11,6.74,4.074,259547,77.83,0,1,1,0,1,0,0
-10.2756026809627,MD,3.536585366,12.2,27980,4.4,7.055482744,12.0503859,6.20358235,1.776612786,10.03349352,2.133391583,2.803261978,6.523955148,45.98077763,46.51,78.01706287,17.38,21372,22.13,43.8096575,16.41867864,8.965000936,20.09170878,1.058687364,0.096,-2.711,-1.028,29014,97.28,5,6,7,0,0,0,0
-8.18807469471935,MD,3.942933134,7,39365,3.3,6.508706159,6.657423473,4.449900855,0.10534143,14.54099021,1.478652869,0.416718305,6.386324204,48.94116371,560.13,78.47158202,12.48,173422,24.67,26.56814014,21.99836238,8.403778067,35.78669373,5.589483119,0.927,1.853,2.308,255441,79.24,4,1,1,0,1,0,0
-7.92302280401619,MD,2.638820089,5.2,52586,2.7,6.19820779,4.299529767,3.069825215,0.038446751,9.76843226,2.26599237,0.269127259,4.68754621,57.82568834,1144.95,73.1618363,10.12,212511,26.01,13.95221894,14.45572229,5.730056326,61.37894038,21.11014915,3.786,6.998,5.843,325690,59.21,0,1,1,0,1,0,0
-6.65538886899102,MD,6.549342838,12.9,34910,4,4.838185951,4.29700184,3.463578309,0,13.50795541,0.660244615,5.953025219,10.87780063,50.63318541,72.91,69.25410872,21.77,13929,17.57,28.58783832,18.95326298,6.28903726,34.16612822,4.256622263,0.242,0.262,-4.176,19422,78.15,5,6,4,0,1,0,1
-7.15321725411085,MD,3.201139131,6.9,52828,2.9,6.670226134,5.81685282,2.81431625,0.017977108,8.874579111,2.756429962,0.195411163,2.804608611,58.76285139,1978.15,65.43634041,12.32,714495,24.03,13.27860937,13.59477673,5.353291486,59.02350611,32.31163707,7.283,1.213,6.483,1050688,49.27,4,1,1,0,1,0,0
-7.043378782623,MD,4.195077243,8.3,35869,3.8,4.795336718,8.470603893,6.261034848,0.01476512,10.09372732,2.053807425,0.088382762,2.04091394,52.60146861,1788.76,62.02448446,9.44,611092,23.86,25.65391136,22.15312915,6.06111682,32.66611247,22.44885798,5.214,-1.684,6.636,909327,14.92,4,1,1,0,1,0,0
-7.53157222956885,MD,2.080006551,6.5,42077,3.1,6.084480674,9.875580171,2.835524006,0.042903389,12.23136628,1.665431569,3.186551738,6.90354538,46.9051055,128.52,81.79413709,14.94,34843,23.8,29.56117441,19.20902333,8.489510088,34.85348564,4.23057441,0.657,4.211,1.176,50381,87.31,5,1,1,0,1,0,0
-7.614312146452,MD,4.186617217,8,39254,3.3,3.181353581,8.472658246,5.745783748,0.09126086,10.25224502,1.602540702,0.790319048,4.250930861,47.11068117,294.39,70.82465536,10.25,73604,26.23,29.98206619,20.22852019,8.157165371,31.4711157,4.825564193,1.192,2.006,5.32,113510,76.46,4,3,2,0,1,0,0
-8.54161259595698,MD,10.42731548,23.4,18924,6.1,2.365912484,4.881130125,4.433214655,0.068910072,13.63270931,1.366716435,5.650625933,5.030435282,51.78591938,82.79,64.96480973,13.83,17058,16.87,40.26263337,20.64134131,5.323015594,15.67592918,6.131250729,1.092,-2.641,-0.563,25616,52.12,4,2,2,0,0,0,0
-8.91416903412842,MD,3.303671048,9.2,47302,3.4,6.188215582,7.405752583,3.630270874,0,12.82323373,1.960346272,1.709019827,5.104719352,54.91762078,140.69,69.69387141,23.71,28080,19.52,25.63034188,18.64672365,7.745726496,38.60042735,6.073472898,0.425,0.694,-2.537,37181,78.95,5,6,3,0,1,0,1
-8.39901228250114,MD,5.281742571,11.1,29802,3.9,6.413061273,7.652810644,7.189951035,0.072926434,13.97359765,1.971990296,0.785819529,8.169248858,45.97193076,322.05,65.42675068,14.31,104471,22.91,36.35650085,20.8182175,8.239607164,21.44997176,4.9762701,1.114,1.143,1.11,151049,83.26,0,2,2,0,0,0,0
-7.67719776986936,MD,7.776896965,14.6,27622,4.6,4.233277133,6.179284568,4.749233176,0.144223933,14.8631904,1.643340308,1.79365821,8.580308355,52.00999411,263.68,59.17315408,13.01,64156,22.38,32.52540682,21.21859218,7.567491739,26.79094707,8.262537682,2.74,2.129,2.556,103609,66.61,0,2,2,0,1,0,0
-7.64545508659114,MD,4.732923659,10.4,35666,7.4,6.101821812,10.03244322,3.722652026,0.03743449,15.48540055,1.659595708,1.476582647,3.834955495,51.28109142,109.88,75.58139535,23.25,39149,18.31,31.60233978,21.64550819,7.195586094,30.41456998,4.520595764,0.569,4.94,-3.433,52276,80.33,5,2,2,0,1,0,1
-7.15821412249954,MD,11.00141568,18.9,29700,5.1,5.62655447,4.493000853,5.830472272,0.058057441,11.10473992,1.900485246,0.173455565,4.438168825,58.25454962,7671.52,47.34897415,11.73,424578,21.51,29.85623372,19.05256514,4.752483643,31.23454348,8.104441191,2.581,-7.422,3.005,593490,28.04,4,1,1,1,1,0,0
-7.15702209694423,MA,3.058797841,8,42578,3.9,5.89388532,9.696883179,3.612657626,0.051391863,15.30240305,1.749226743,0.93076374,3.94289793,54.00047585,548.32,79.53060705,24.96,165336,17.25,24.31049499,19.15251367,9.213359462,42.81886582,7.790724882,1.433,4.239,-5.587,212990,91.4,5,3,2,0,1,1,0
-7.8854893212355,MA,5.287789712,11.3,34287,3.5,4.997431227,6.988619557,3.423473915,0.224183831,12.73800072,1.880653247,0.938769791,8.04415176,57.07969424,141.58,68.87088296,18.58,92946,19.53,29.85604545,18.12665419,9.729305188,33.3892798,6.444772556,1.806,-1.969,-2.885,124944,90.63,5,3,2,0,1,0,0
-6.75272871062599,MA,5.05277023,10.8,34226,3.7,5.683397901,7.174460698,4.276661656,0.05080763,16.17552625,1.606085625,0.634742539,11.14345393,49.0399475,991.3,62.49572981,14.2,390230,22.33,29.93567896,17.95120826,9.069010584,27.95274582,12.93099901,2.173,2.243,0.679,565217,85.6,0,1,1,0,1,0,0
-9.76042516969429,MA,5.294117647,7.7,43822,4.1,6.552280055,16.06402579,3.74251497,0,10.72086596,1.151543068,2.72915707,3.754030401,50.62183326,160.15,77.43050102,16.32,12731,19.19,24.2793182,20.46971958,6.582358024,44.15206975,12.11806157,-0.018,3.615,0.972,17332,86.33,5,7,8,0,1,1,0
-6.45489444095893,MA,4.690237945,10.7,40697,3,6.750462895,5.686609376,3.860806714,0.018342302,13.25677488,2.185956241,0.340076195,10.60581649,53.3624662,1508.76,64.08448057,14.14,538981,23.16,25.18474677,16.53175158,8.182663211,39.35314974,16.68181772,5.319,3.593,2.252,789034,76.03,0,1,1,0,1,1,0
-6.96919240485234,MA,4.170432537,10.6,34202,2.7,3.97761073,6.221945811,3.785625439,0.100048672,12.59802066,2.08479801,2.228110973,9.729057379,54.68876751,102.06,69.33526774,15.24,53210,19.71,28.02292802,17.34260477,10.55252772,37.18473971,5.495171636,1.915,-0.383,-1.283,70180,92.44,0,4,5,0,1,0,0
-6.43534018834942,MA,7.400033001,16.7,29020,4.1,7.090665939,4.852823448,5.167953873,0.022674583,14.68989038,1.621001291,0.550668437,11.30721283,50.06825512,751.03,60.84460158,14.18,316312,23.71,29.47596044,19.01508637,9.644591416,27.16084119,8.636243488,4.764,-1.008,1.468,466372,67.71,0,2,2,0,1,0,0
-7.0393557305251,MA,6.844721933,11.1,33605,2.7,4.881235154,4.478622328,2.945368171,0.078384798,11.87292162,1.789786223,0.839667458,6.552256532,62.88004751,299.82,65.77516407,12.67,99377,16.93,23.60405325,14.81630558,9.486098393,46.49969309,8.484167809,3.807,2.039,-1.096,160830,86.19,4,2,2,0,1,0,0
-6.65653109759411,MA,3.90060419,7.3,49669,2.3,7.197197814,4.584348453,2.810398474,0.030111412,10.59419853,3.187817653,0.168578285,9.751877401,58.31542617,1837.92,62.39883873,13.11,1116442,21.32,19.5520233,12.4822427,5.898559889,55.19131312,21.03646458,6.878,3.321,3.578,1611699,76.53,0,1,1,0,1,0,0
-8.64830916927378,MA,4.556616644,5.9,51270,4.2,8.15948076,13.0273528,3.817029825,0,13.76912378,1.35991346,1.931695256,1.916241694,51.89306135,226.2,69.2101021,12.06,8025,20.72,18.39252336,18.61682243,6.566978193,51.68847352,10.11620575,6.304,5.104,7.002,11399,80.53,5,7,11,0,1,1,0
-6.54189344464549,MA,3.228945701,6.5,52036,2.5,10.57074268,5.386180774,3.475909234,0.054840331,11.7893271,2.639056531,0.144627933,6.480299149,55.79600472,1693.61,69.17560548,14.5,488612,22.68,19.47782699,13.95012812,7.492243334,52.95981269,17.68795945,4.39,3.036,1.98,706775,80.31,0,1,1,0,1,0,0
-6.5532007540827,MA,3.572882655,6.2,41343,3,8.578563791,7.781005958,4.624399754,0.064983395,14.356041,2.003150939,0.428059226,6.732959805,51.12304153,750.93,75.94065677,13.91,355335,24.14,27.89874344,18.41079545,9.921341832,36.68481855,9.333671786,2.612,3.874,1.223,521202,83.92,0,1,1,0,1,0,0
-6.58422556803607,MA,9.599017062,17.5,40190,2.6,8.67228988,4.123586533,4.083077045,0.010010965,10.20792543,2.19798896,0.103834665,4.751250789,61.85705738,12415.65,36.11719232,10.49,546850,17.49,22.44674042,13.59257566,4.711712535,44.77041236,29.80350255,11.96,4.969,5.797,803907,48.06,0,1,1,0,1,0,0
-6.66768904027,MA,4.851319763,9,36169,3.1,6.489533204,6.142510837,4.153282144,0.072604817,13.69054585,1.972510479,0.425120311,12.29266429,50.95138582,528.57,64.98044218,12.78,564408,23.45,28.14099021,17.30078241,9.025031537,35.94580516,11.9372963,4.079,1.948,1.829,830622,80.68,0,2,2,0,1,0,0
-9.41417877223239,NH,3.492111346,6.9,35382,2.5,5.852129516,9.778323531,2.442965165,0.080785885,16.15071415,1.648032056,0.471789569,9.813869321,48.53615976,150.13,76.91095032,16.74,44796,20.77,28.51370658,21.3635146,10.24645058,32.42923475,2.491754617,0.797,4.439,-2.439,61303,95.78,5,4,3,0,1,0,0
-10.1046308635707,NH,3.675380248,9,36033,2.5,5.466237942,11.68556439,3.232357421,0.012692503,14.94330682,1.408867829,1.201556947,8.922829582,48.40497546,51.36,79.38300902,20.57,37013,18.65,29.91381407,19.9200281,10.39364548,33.596304,2.704849498,0.391,5.694,-3.427,48910,96.79,5,6,4,0,1,0,1
-9.85333834027906,NH,3.882871818,10.2,34136,2.6,4.5168198,7.6517019,3.884365429,0.174298449,16.57827245,1.476556859,0.896392022,12.78852618,48.6068574,109.13,69.82090438,14.71,53033,19.6,31.34840571,18.83921332,10.21250919,32.5985707,3.282063386,0.736,-0.737,-0.526,76085,95.36,0,4,5,0,1,0,0
-10.3598041908017,NH,5.054224805,13.1,26535,3.2,3.630363036,7.033828383,4.606710671,0.158140814,16.7010451,1.038228823,2.358360836,8.704620462,48.8930143,18.42,70.91107872,19.36,24442,18.91,40.0990099,19.63014483,10.83790197,18.06316995,3.539546788,0.106,0.925,-5.193,31563,96.21,5,7,8,0,0,0,0
-10.713172549344,NH,4.257698366,9,36619,2.2,3.890209176,7.013937954,2.806859785,0.083499261,12.33005759,1.393795363,1.755625495,9.165649688,58.61434046,52.15,68.98020258,15.5,62875,18.38,26.98687873,17.01630219,8.314910537,40.46441352,5.840041866,2.503,1.589,-0.74,89886,92.34,5,5,8,0,1,0,0
-7.28142403112668,NH,3.481334118,7.4,39478,2.6,6.827414668,6.331288016,4.037981499,0.053839753,15.23398045,2.580303549,0.443176812,13.62946681,47.80080181,457.37,65.95414573,11.86,288293,23.48,26.3218323,18.37956523,9.810505285,37.31030583,9.443499794,3.316,1.644,2.338,417025,87.65,0,2,2,0,1,0,0
-8.74958055342996,NH,3.760958074,7,36148,2.3,6.51291934,7.523391739,2.874204427,0.140730786,14.84012476,1.723001242,0.761974795,9.284428329,50.16735553,156.77,71.56786474,13.66,105915,21.81,27.81192466,18.71406316,11.58570552,35.56436765,5.327462998,2.331,3.456,-0.038,151391,94.27,4,4,3,0,1,0,0
-8.02846807696221,NH,2.319872062,5.3,45242,2.7,6.998856905,6.979228007,4.124377937,0.066391862,15.95309848,2.332374981,0.52362973,13.48620781,45.92527163,424.95,77.05310994,12.68,220700,22.84,25.05527866,18.67059357,10.29497055,40.73901223,4.806491681,0.896,4.05,0.854,309769,94.17,0,1,1,0,1,0,0
-9.14110512417969,NH,4.774553646,9.7,34161,2.3,7.75340231,4.456274417,3.583336911,0.055810759,14.48217633,1.827444583,0.742712403,13.2371671,49.3653315,333.74,66.29933262,11.89,83241,20.64,27.97539674,18.83326726,10.04673178,35.61225838,5.425891123,2.311,4.734,1.3,130633,92.75,4,1,1,0,1,0,0
-9.97924416493538,NH,5.397244763,11.2,31668,2.3,5.001172883,6.59629369,2.899366643,0.075064509,15.0410509,1.97044335,1.304245836,16.09664555,47.2765658,81.41,73.13979707,16.5,31807,21.04,37.22765429,17.50872449,9.491621341,26.82428396,2.766376812,0.334,-0.53,-0.839,43146,96.22,0,7,8,0,0,0,0
-6.95303209792574,NJ,5.700568002,12.8,31366,5.1,4.805624872,6.153773718,4.0075647,0.054930395,13.47599542,1.313621169,0.380589168,4.469764741,59.66774958,494.06,67.4209504,14.17,185383,23.27,32.10164902,20.13399287,7.285997098,27.36820528,16.15966396,2.565,-5.275,1.278,263670,58.59,5,2,2,0,0,0,0
-6.12656457616585,NJ,3.164356673,6.8,48426,2.9,9.514236378,5.450451018,5.034934479,0.034241252,15.53964633,3.243885941,0.094951201,7.966447775,50.27393001,3884.47,64.41438112,15.15,654826,22.58,23.49082046,14.55608055,5.903400293,48.27343447,30.65788243,3.204,0.7,2.16,932202,62.54,0,1,1,0,1,1,0
-6.82867390023184,NJ,3.396303731,6.2,41517,3.3,8.16675493,5.129747148,5.350555162,0.038596523,15.19805402,2.307713021,0.346919908,7.731870854,48.40946423,561.92,75.74503311,13.86,312942,23.23,28.29214359,19.26011849,8.549188028,37.47531491,9.6635728,0.967,-1.936,1.095,445349,70.65,0,1,1,0,1,0,0
-6.75341027683502,NJ,5.802557954,12.9,34280,4,7.13671018,5.340411864,6.262802565,0.023433491,15.34530057,1.951848216,0.147469385,7.262766202,51.88417391,2321.48,66.7029996,12.8,347459,24.36,30.07117387,19.52949844,7.033347819,31.79166463,11.01549766,1.872,-4.07,2.745,506471,60.28,0,1,1,0,1,0,0
-6.87611251733111,NJ,5.013604922,10.3,38496,7.2,7.292092419,8.513451783,3.909311663,0.091361527,14.16103671,1.21174236,0.632317938,3.269780973,52.97526026,386.86,77.5862069,21.57,69876,18.86,32.56912245,19.4558933,7.709370886,31.45572156,4.796969212,1.057,-1.242,-4.08,92039,86.9,5,3,2,0,1,0,0
-6.86538962568478,NJ,8.068629396,15.2,23946,5.5,2.973239258,6.275425884,5.72718027,0.260615306,15.26029748,0.956648869,4.037948131,12.72247648,44.64467328,324.37,64.42064496,12.62,103911,24.03,38.50891628,17.71419773,7.026205118,14.67024665,10.44784876,1.996,-7.355,2.778,149527,50.31,0,3,2,0,0,0,0
-5.93333216721675,NJ,7.199870822,14.9,37141,4.5,7.82845983,5.883517483,7.445892078,0.013108965,12.60012306,3.020412531,0.114235266,6.753792236,52.14906766,6211.51,44.20251892,11.52,532091,24.86,28.14875651,16.99333385,5.819869158,34.78577912,26.4606738,4.629,-3.131,5.036,798975,33.19,0,1,1,0,1,0,0
-7.18964103977464,NJ,3.541528702,7.6,37888,3.7,6.859525953,6.620539311,5.646313309,0.111030621,15.36555478,2.050004401,0.572755523,7.621168936,50.47289567,895.29,80.16770727,12.38,199632,24.37,32.98869921,18.95287329,9.039632925,31.87515028,5.32091923,0.587,-0.367,1.226,291636,81.06,0,1,1,0,1,0,0
-6.0993958112246,NJ,7.149936823,14.3,38147,3.3,11.30064874,4.990663435,7.974674923,0.011351446,13.88877853,3.382163472,0.060730239,6.907638956,48.4743656,13731.37,31.46941029,10.42,475270,20.68,25.67277547,13.23689692,4.399394029,40.86350916,42.77366739,10.022,-3.255,9.034,672391,30.82,0,1,1,0,1,0,0
-6.90272665662729,NJ,2.151524168,4.4,54984,2.8,9.13747646,6.202636535,3.088512241,0.070809793,13.06666667,3.822222222,1.003389831,11.34463277,48.24858757,300.01,83.27681221,12.73,88432,23.54,21.2083861,15.4152343,6.479554912,51.99475303,9.012322972,0.723,-2.524,0.207,124371,87.74,0,1,1,0,1,0,0
-6.36698768395931,NJ,5.399389198,10.9,42155,3.2,8.406286315,4.557578441,4.574732998,0.03541586,12.39167727,2.240606497,0.352498478,7.972442034,52.47800343,1632.16,63.85776874,12.65,247693,22.64,24.46778875,16.10703573,5.453121404,41.97454106,22.01067355,4.346,-3.149,3.073,367430,54.54,4,2,2,0,1,0,0
-6.36621353097348,NJ,3.830227613,8.2,38140,3.1,8.664560817,5.075245909,7.505357094,0.031563088,14.25714546,2.982958398,0.07964748,9.232203227,48.56671524,2621.63,63.33232456,12.28,567183,22.9,25.74689298,15.04523231,6.337989679,42.67070769,32.69343823,5.456,-2.27,4.034,825062,49.23,0,1,1,0,1,0,0
-6.57976362759196,NJ,3.387640086,6.7,48959,3.2,10.21052398,7.212084944,4.773755584,0.028812878,14.00527497,3.512321463,0.171294141,5.864845439,50.04796869,1344.69,73.68155503,13.75,435048,23.84,24.04378367,16.87790773,7.337811,44.90837793,13.32510944,0.7,-2.518,0.668,618795,76.69,0,1,1,0,1,0,0
-6.3844972707111,NJ,2.129363779,4.7,55826,2.8,10.67619197,4.887964234,3.680219062,0.03518447,13.34065068,3.527243106,0.196956543,10.45055243,50.04990841,1069.75,74.4073943,13.84,345141,23.91,20.17552247,13.91170565,6.640764209,53.59664601,19.10745313,2.119,-1.811,1.654,491845,75.07,0,1,1,0,1,1,0
-6.38512193642297,NJ,4.470090777,9.7,34784,3.7,6.596192854,8.278982681,5.415041348,0.026915275,16.61608675,2.071696052,0.258230613,5.184506163,50.05500078,916.96,79.98357527,21,407165,23.4,33.89805116,20.79451819,7.949602741,29.15230926,7.908416239,0.355,3.278,1.85,607186,85.95,5,1,1,0,1,0,1
-5.9983190111335,NJ,7.040721137,13.6,30800,4.3,6.213606052,5.866987052,6.941171053,0.023861453,15.81595703,2.224975825,0.048978772,12.874719,46.88315005,2715.31,52.95289302,12.04,333073,24.86,34.10063259,15.95235879,5.277521744,28.06772089,29.52815346,4.601,-5.821,5.781,501826,45.32,0,1,1,0,1,1,0
-6.54130252898952,NJ,5.88405984,11.2,32526,4.8,4.660670482,7.927909512,10.42518397,0.088579995,14.34995912,1.148133006,2.255382938,11.30417007,43.17934042,199.11,70.49104902,15.01,44254,23.47,37.69150811,18.94292041,10.06914629,20.94951869,4.523493748,0.624,-4.939,-0.509,62385,76.78,0,1,1,0,0,0,0
-6.36149706322778,NJ,2.192830754,4.9,54393,3,10.16605049,4.198268553,4.039658325,0.080170261,13.53089439,4.348804079,0.287805469,11.95229004,48.56010751,1071.67,75.63326838,12.37,228710,24.99,19.99825106,14.1174413,6.050894145,54.51751126,25.02998401,2.678,-1.156,2.641,328934,62.41,0,1,1,0,1,0,0
-6.56462456015116,NJ,2.743848343,5.2,42639,3.4,7.15279895,8.340513527,4.813160302,0.074232161,15.42968491,2.464242633,0.839088535,8.667930381,47.74188417,287.59,82.47034351,11.96,100910,23.97,31.35962739,20.04360321,8.414428699,34.9390546,7.896105356,0.18,-5.894,0.273,140488,88.76,5,1,1,0,1,1,0
-6.01980003289605,NJ,4.151916797,7.8,40201,3.7,8.4925379,5.761734451,9.198552242,0.032871113,14.03453611,2.575737546,0.054308796,9.012401699,47.15968572,5216.07,58.88711922,12.63,375148,24.47,28.72039835,16.63983281,5.795312783,35.07362428,29.95628008,4.473,-1.235,4.766,556341,45.35,0,1,1,0,1,0,0
-6.41677978100426,NJ,3.222169135,6.7,38132,3.3,6.178991429,6.914671934,6.200735681,0.090601047,15.45291464,2.478844655,0.985739395,10.40281226,47.17415333,304.53,71.8814994,14.07,75395,23.56,31.50474169,19.05829299,8.756548843,31.8456131,9.616813901,1.162,-2.753,-0.295,105267,85.71,0,2,2,0,1,0,0
-7.81754688845789,NY,6.097055022,11.3,36454,3.6,7.415683918,4.159468189,3.462154786,0.053832094,12.22176319,2.256566264,0.205313102,5.306842935,52.61961992,581.87,56.54640975,13.91,204509,19.93,24.1114083,16.14452176,11.11393631,41.28082383,10.44966919,2.729,-0.73,1.197,305506,75.99,4,2,2,0,1,0,0
-9.6398040849694,NY,6.942955818,17,23030,5.5,2.301662589,7.199560637,4.099056368,0.60412402,10.464826,1.138349393,2.885815567,15.8620001,50.89120775,47.55,75.14576045,15.21,30155,21.61,36.65063837,19.40640027,13.68263969,20.23545017,2.528442318,0.79,-6.136,0.255,46091,95.41,5,7,9,0,0,0,0
-5.89105843311988,NY,12.59756471,27.3,20850,5.4,6.324277227,5.03158697,7.547464396,0.012591139,12.90373487,1.681504624,0.075882597,3.282593842,59.45854745,32903.32,19.60726635,10.53,924137,26.58,27.63951665,17.25177111,7.270567026,19.81675877,35.401204,8.105,-5.204,7.432,1418207,10.92,0,1,1,1,0,0,0
-7.73851437093615,NY,8.531746032,17.3,27744,4.7,4.18167221,5.111824751,4.228695951,0.248881752,14.96845969,1.77084528,0.411744466,10.50005735,54.36288565,284.23,65.30651195,16.37,128950,20.22,31.08103916,18.21868941,12.86622722,28.28538193,6.871842882,1.806,-4.612,-0.372,190488,86.28,0,2,2,0,1,0,0
-9.29414303511661,NY,6.211659503,17.1,24628,5.1,3.564415353,7.670336209,4.700981851,0.321332937,13.5911931,0.862838441,2.020232074,13.51085986,47.35792919,61.39,71.44720517,15.46,53030,23.41,39.3531963,17.32792759,12.68338676,19.11370922,1.899956234,0.28,-5.717,0.605,76117,91.95,0,4,3,0,0,0,0
-10.1474528195426,NY,5.748130356,13,29022,4.3,3.305105648,6.358080517,4.886404122,0.328866234,13.54928883,1.068815259,3.417468278,13.927485,46.81958947,115.71,71.00252792,15.29,55526,21.62,32.96833916,18.91546303,13.52879732,22.31927385,2.300046232,0.564,-4.367,0.213,76576,91.34,0,4,5,0,0,0,0
-10.1417561415954,NY,7.961891251,18.3,24825,4.7,2.563324468,5.569340069,4.332303957,0.357008979,12.84161297,1.260241695,2.52405348,17.84687885,47.97129648,127.24,70.00304345,16.59,89858,21.83,35.85879944,17.9805916,13.32324334,21.72538895,2.295304498,1.114,-5.366,-0.439,126903,89.29,0,4,3,0,0,0,0
-10.2334865016149,NY,7.063853977,13.5,28115,4.2,4.581197499,4.761010171,3.878049435,0.678994123,14.1354231,1.661254395,0.539438018,15.20356405,48.93320093,218.07,67.92831583,15.7,59921,22.38,36.01575408,18.58113182,11.88231171,23.85974867,2.957779333,0.384,-6.161,0.043,83456,87.41,0,3,2,0,1,0,0
-8.8164296823077,NY,5.997685916,15.1,26717,4.4,6.565610447,7.035887134,3.757647703,0.23742124,12.35960186,2.712081088,4.10921377,17.06693453,41.28390101,56.49,74.55374466,16.65,34458,22.74,39.00110279,19.03766905,11.80567648,18.32665854,1.549185075,0.067,-5.508,-0.825,47207,95.62,3,6,6,0,0,0,0
-9.50409149045435,NY,8.097487506,13.2,26772,4.4,2.872989462,4.631170272,5.207986689,0.088740987,15.27454243,1.591791459,1.846921797,12.01331115,46.91902385,79.13,67.73053034,13.34,54954,19.35,37.31302544,17.29810387,10.36685228,22.90643083,4.495383321,0.92,-2.615,0.653,80485,91.12,4,5,8,0,0,0,0
-7.12190853845821,NY,5.68746829,11.7,35581,3.2,4.863767135,8.163817905,3.645286851,0.260619394,12.34049755,2.230495854,3.482822813,6.485022847,51.12201726,99.41,72.10315731,18.17,45606,20.3,30.51791431,17.00434153,11.57961672,31.26781564,6.933797337,0.801,-3.449,-2.223,59461,88.23,5,6,3,0,1,0,0
-10.0770836530117,NY,6.743339773,16.9,26979,4.9,4.161530287,6.1424017,3.08607864,0.072263549,11.35387885,1.262486716,1.938363443,10.9968119,56.1360255,98.92,66.21430591,13.09,30162,21.1,32.65698561,17.76075857,13.42417612,26.87487567,1.965795981,0.418,-4.024,0.578,47581,93.75,0,4,5,0,0,0,0
-9.08561579950275,NY,7.22497798,15.9,26629,4.7,3.80122748,8.310235597,4.172441101,0.544446644,12.73510196,1.281924371,3.326074045,13.6408632,47.59453574,33.26,74.26169207,19.43,32888,19.6,37.661153,16.96363415,11.64558502,21.94721479,4.582216166,0.516,-4.903,-2.934,44135,93.18,3,6,6,0,0,0,0
-7.55513046339057,NY,3.98172818,9.2,38048,3.6,6.07116578,6.802121368,5.125713254,0.126338003,13.46332727,2.198420081,0.937816713,6.526537922,53.72350026,373.9,68.75739424,13.55,204465,22.18,26.24165505,18.45890495,10.65561343,35.19184212,11.48509326,1.318,-1.752,0.573,294218,74.56,0,1,1,0,1,0,0
-7.32054437826236,NY,7.062119061,13.7,32347,4.3,8.322701171,4.782580621,4.498239848,0.117566114,13.84096066,1.636796412,0.340451872,10.19507514,51.64648226,881.41,64.7776056,15.71,643713,21.65,27.745284,18.24166981,11.74855875,33.65412847,7.110166046,2.426,-0.243,0.194,918702,77.71,0,1,1,0,1,0,0
-8.5697043153768,NY,4.484202729,11.7,30273,4.7,4.290505378,7.742569677,2.873829074,0.682317567,13.55961605,1.711576269,2.145252689,9.407887128,52.14525269,21.94,75.61102107,18.14,28731,19.27,32.89478264,19.29971111,11.37795413,27.56604365,3.223755662,0.615,-4.042,-2.246,36885,92.93,4,6,6,0,0,0,0
-10.1271109886872,NY,9.462370367,16.7,25491,4.9,2.993715671,6.957296254,3.340095997,0.103914098,12.34598446,1.360779851,2.968974219,4.389133554,52.93186204,31.67,72.44865884,13.33,35688,20.78,37.60647837,18.31147725,11.47724725,19.42950011,4.456324469,0.331,-3.52,0.378,50022,82.64,4,7,8,0,0,0,0
-7.51798925662593,NY,7.029866941,13,26875,5,2.775041051,6.71592775,6.280788177,0.012315271,16.14121511,1.687192118,1.042692939,11.97865353,46.62151067,112.08,71.46486029,16.03,38600,22.2,35.73834197,19.86010363,14.02590674,17.75388601,1.80302551,0.209,-2.653,-1.084,53383,93.84,0,4,5,0,0,0,0
-9.00983156817077,NY,4.678546471,9.9,29465,3.9,3.913436131,6.810047831,3.655885206,0.488343312,14.72388534,1.234237549,3.227748604,15.33598689,45.09148075,121.88,72.6362907,15.63,41265,22.07,36.60487096,19.30449534,14.6031746,21.54610445,2.004749449,0.355,-3.916,-0.502,57280,91.53,0,4,3,0,0,0,0
-8.05388708361822,NY,5.491959969,13,27271,4.5,5.608121427,7.66311847,5.834811748,0.566725803,14.21249754,2.207766608,1.025034496,8.392469939,45.63867534,76.06,74.08424373,17.3,35427,19.26,38.17991927,15.04784486,11.92310949,22.08202783,6.035659533,0.944,-1.866,-2.104,47188,87.07,4,6,6,0,0,0,0
-7.70029520342012,NY,3.06099978,9.1,25918,6,4.316546763,19.42446043,11.35662898,0.71942446,9.249743063,0.924974306,0.102774923,7.451181912,38.48920863,2.82,85.67615658,23.37,3536,16.44,28.47850679,22.79411765,12.01923077,19.25904977,2.404371585,-0.227,-3.133,-5.834,4416,96.44,5,8,7,0,0,0,0
-8.62598236794743,NY,5.750720672,13.5,26151,4.9,5.250288189,6.843189995,4.834596709,0.188633109,15.94648409,1.117825829,2.221678835,12.14238306,46.98711007,45.71,72.49318635,16.83,43844,22.16,37.03129277,18.59319405,13.36784965,20.95611714,2.676585873,0.237,-4.159,-0.729,61319,95.62,5,2,2,0,0,0,0
-10.9135964426128,NY,6.579837775,12.3,25884,5.6,4.537533512,7.260947274,3.516532618,0.073726542,15.5049151,1.418677391,2.066577301,5.918230563,47.82171582,91.62,55.7191393,11.17,72369,25.5,33.97863726,22.28025812,12.55095414,22.26782186,3.791241437,2.491,-14.912,9.116,109834,85.76,0,3,2,0,0,0,0
-6.12746195988705,NY,8.98106944,18.9,31984,4.1,7.43743553,5.049670506,6.498311466,0.015768415,11.65885364,4.443407817,0.103315966,3.34881704,57.69473992,35369.24,30.00769833,11.48,1777281,23.73,25.6177273,13.39495555,6.13217606,36.48612684,36.49051599,4.981,-6.823,8.818,2559903,35.67,0,1,1,1,1,0,0
-8.38548870041881,NY,4.79060072,12.2,26169,5.5,3.116727863,11.04090172,4.132866536,0.179318589,11.8777218,0.981982751,7.66800444,11.84356588,42.35334301,21.25,79.19351689,15.05,18373,24.75,46.09481304,15.22342568,12.20268873,16.30653677,1.568172462,0.558,-5.573,2.689,26296,96.82,5,6,6,0,0,0,0
-9.10364563330522,NY,7.139386367,12.5,27073,4.2,3.174658247,7.227118174,3.996946777,0.71126223,12.08798834,1.269863299,2.942196933,13.00742488,50.40593991,103.51,73.42410696,13.74,42687,20.21,32.88354768,18.78323611,12.64085084,25.37774967,3.469103541,1.133,-3.223,-0.342,62914,92.21,4,1,1,0,1,0,0
-8.86704692369793,NY,4.788962266,10.8,28925,4.5,4.553274798,6.502135738,4.241813004,0.088989084,12.97757475,1.767916469,2.823920266,10.45918367,52.91884196,112.15,76.71174979,13.94,47906,21.79,34.04792719,17.35064501,12.85225233,26.95069511,2.557490996,0.35,-4.092,0.689,70941,93.84,0,2,2,0,1,0,0
-7.96383761238042,NY,7.194562343,14.4,32502,4.2,5.404241987,4.054816167,3.470691605,0.092086801,13.49888978,2.507866883,0.336743451,11.40459617,56.40016892,1132.59,63.7505153,13.92,510506,22.66,23.96876824,17.04250293,11.63355573,37.66478749,8.642549258,2.413,-2.325,1.947,741770,72.82,0,1,1,0,1,0,0
-8.6068916955844,NY,9.121705362,15.8,25427,5.1,4.374071322,6.946508172,6.041047548,0.40397474,15.5089153,1.314078752,1.72269688,13.83729569,43.54569094,124.6,68.01423849,16.59,34213,23.5,35.15622717,19.62704235,13.56794201,17.46704469,3.299882653,2.099,-2.501,0.342,49221,85.09,0,4,5,0,0,0,0
-6.42497441471931,NY,2.652889398,5.8,49211,3.4,10.33287628,5.531517414,5.410189768,0.008185962,13.20264056,2.916541197,0.112118439,4.473189514,53.2900257,4704.8,80.64810097,15.28,940610,23.26,23.02112459,15.17706595,7.855115298,45.1926941,22.21634954,1.839,-1.001,2.138,1356924,65.49,0,1,1,0,1,0,0
-6.49497457005145,NY,7.709932908,15.6,72832,3.5,16.37006154,1.967693748,2.594756087,0.007134576,9.218540979,6.292473022,0.048158388,2.912356194,58.06273968,69468.42,24.13151782,13.5,1247071,14.78,12.43297294,9.773781926,3.975314958,60.80848645,28.98412232,5.978,-1.941,4.455,1628706,48.02,0,1,1,0,1,0,0
-7.75163301168035,NY,5.835352486,13,29824,5,6.36260702,5.782562921,4.978049701,0.09932262,14.8884607,1.284241473,0.777696113,13.76909477,47.85363819,414.41,71.27455759,15.89,150607,21.48,34.20093356,19.83440345,13.3924718,23.7698115,3.908287042,0.588,-2.381,-0.942,209281,87.27,0,1,1,0,0,0,0
-7.54425776885263,NY,7.712050508,14.8,28548,4.3,6.936150666,4.81337777,4.279752539,0.098710894,13.04449809,1.246102874,1.121981255,9.23679864,51.82615155,193.73,66.98513565,16.25,159279,21.87,32.86434495,18.87128874,12.16105073,24.68310323,7.609345616,2.111,-2.794,0.201,228671,84.83,4,2,2,0,0,0,0
-7.84717642824515,NY,7.173790966,13.7,32678,3.9,6.956769648,5.005000475,4.842541599,0.054303803,14.36742858,2.279854647,0.563401952,7.620181103,54.53685644,599.99,64.83428867,14.04,315658,22.97,25.26785318,17.92287856,12.05798681,35.45577809,7.858186032,2.59,-3.367,1.869,460528,79.23,0,2,2,0,1,0,0
-8.23892870294857,NY,4.300832085,8.5,35121,3.9,4.282718275,5.851944516,2.969204165,0.016556901,14.45417418,1.891165974,1.650171088,13.16457559,51.91876081,167.58,73.70049225,15.39,76734,22.51,26.76127922,18.45466156,13.70709203,34.50100347,3.928858521,0.937,1.784,-0.304,109777,91.84,0,1,1,0,1,0,0
-6.84469079287217,NY,5.305149922,11.5,33472,3.8,5.355365661,6.410080419,6.322568837,0.052621344,16.81023142,2.496653969,0.710960111,7.12104053,47.75844515,459.31,68.0460024,10.99,240918,27.23,29.65822396,19.98439303,10.27528039,29.79893574,10.64202185,0.89,-2.305,5.383,384940,68.2,0,1,1,0,1,0,0
-6.58009411063947,NY,5.327676852,12.6,25261,4.7,6.480920654,6.866361984,4.614283354,0.071581961,13.49044656,0.88651506,3.259732394,16.86030505,40.69159187,109.6,75.58929774,14.41,29632,22.25,38.81951944,21.4025378,10.99824514,15.88485421,3.035822708,0.434,-5.631,-0.201,40352,87.82,4,1,1,0,0,0,0
-10.2847111962713,NY,8.846894877,16.1,27217,5.4,4.259745127,8.13155922,7.92916042,0.13868066,14.18478261,1.444902549,1.002623688,11.89655172,46.38868066,128.31,72.78415016,12.61,80149,23.11,37.64862943,18.44439731,13.0918664,18.58288937,1.789192638,0.373,-5.633,1.529,117124,95.07,0,2,2,0,0,0,0
-9.38420964195515,NY,6.975014063,12.5,27680,4.2,4.980298889,5.956480068,3.198324518,0.088743744,13.98956374,1.256611409,2.846899294,7.880444429,56.65045614,62.15,72.90711496,16.51,39907,18.66,32.02445686,16.95441902,11.37394442,30.88430601,3.675054777,0.528,-3.02,-1.423,59493,92.73,5,7,8,0,0,0,0
-7.33712000241461,NY,2.549818748,6,45905,3.7,7.946578937,9.011866996,3.877335213,0,14.29326754,2.745466651,0.332902518,3.99287197,52.84337916,432.94,82.41168537,12.45,70298,23.72,26.9225298,16.88241486,9.283336653,39.86884406,13.00595539,0.969,-2.489,1.138,98320,82.95,0,1,1,0,1,0,0
-5.94290808343911,NY,5.306129634,11.6,30289,3.5,7.865477359,7.163770728,8.583268451,0.015554202,12.13077549,2.579081189,0.095888123,3.697392992,53.64441149,20553.56,44.62574785,12.83,1646256,20.71,27.584106,14.60240692,7.828551574,31.52602025,47.30145098,6.436,-5.263,6.121,2253858,27.65,0,1,1,0,1,0,0
-8.23720210230486,NY,5.909262465,11.1,34280,3.8,5.918445451,6.648066073,5.588819891,0.032098369,12.05664128,1.882692806,0.443204405,7.465339934,49.73271935,244.36,63.05159302,13.55,111082,21.31,29.09022164,17.88948705,14.50369997,30.14259736,4.874208905,1.283,-1.203,0.81,158714,85.65,0,2,2,0,1,0,0
-6.29015250807052,NY,6.994203722,11.7,34987,3.9,9.347209799,7.524622207,7.151207092,0.017037952,11.65111954,2.392412432,0.047327645,2.524929837,52.66998907,8030.28,69.71869132,12.66,328753,23.3,30.94663775,17.09064252,7.552174429,32.95057384,22.95839916,1.335,-1.964,3.354,476143,64.04,0,1,1,0,1,0,0
-6.46156333390861,NY,6.819242613,13.9,38076,3.6,6.770433259,5.676167374,4.048244727,0.039080924,13.59948791,2.635940974,0.095680884,5.595310289,57.09049255,1795.95,68.67756612,13.42,203509,28.1,22.48942307,16.61155035,8.217326998,40.60360967,20.78464932,2.375,-4.055,8.308,325789,65.34,0,1,1,0,1,0,0
-9.97805684683585,NY,7.84661614,15.1,24473,5.5,4.011293055,6.7216262,4.234895539,0.160361378,13.77978543,1.321287408,2.640316206,5.693958216,53.37323546,41.76,72.43514363,13.89,71856,21.27,36.90993097,17.05494322,11.13894456,23.62363616,4.242501689,1.096,-4.83,1.188,107740,92.85,4,4,5,0,0,0,0
-9.5726587368174,NY,2.74401704,6.3,41709,3.4,6.726755538,6.094728338,3.240927759,0.175048812,13.89786575,1.670537938,0.647175655,10.4633744,50.43593887,271.13,71.77872939,13.66,161493,22.7,24.48341414,16.46077539,11.74106618,41.4271826,5.253389745,1.12,2.873,1.559,229863,92.73,5,2,2,0,1,0,0
-8.16893081434782,NY,4.622912992,11.3,31412,3.8,6.55492571,4.528091568,4.783654826,0.097875291,14.35776137,1.83244294,0.217500646,6.998083276,52.02479507,756.55,66.52594052,14.92,106960,22.95,29.34087509,16.66697831,12.89173523,31.39491399,10.7442392,1.975,-1.219,1.501,155299,77.17,0,2,2,0,1,0,0
-9.24316245234341,NY,6.206366703,11.8,28712,4.7,4.859193816,11.00911099,5.397570403,0.372722253,12.75538377,1.463279956,3.602981778,6.798729983,47.08034235,52.67,74.96615973,15.94,22210,19.95,36.94281855,18.3430887,12.03962179,22.29176047,2.802576202,0.272,-4.338,-0.823,30999,93.87,5,2,2,0,0,0,0
-9.78745922647601,NY,5.718824464,13.5,26484,4.7,2.703346433,7.359771347,2.143622722,0.690722877,11.65892581,0.988448255,4.025247112,14.60045254,51.75657973,55.87,77.8203724,16.99,13200,21.21,36.54545455,20,10.49242424,22.25,1.561805247,0.404,-1.358,-1.516,17807,96.2,5,6,7,0,0,0,0
-9.74149789471409,NY,5.856853563,12.6,27366,3.8,3.731295357,7.192858519,4.020294137,0.244043414,14.72609338,0.860574144,3.879005844,14.48847216,44.80123306,108.9,73.97574323,15.52,24803,21.33,34.93529009,17.79220256,11.82115067,20.88860219,2.215994453,0.352,-3.984,0.44,34016,90.77,4,6,3,0,0,0,0
-7.7767552220616,NY,6.526214082,12.8,28600,4.6,3.914226574,6.746982348,4.184012838,0.739586483,12.36132753,1.2465986,2.586226946,18.93387911,45.45665977,71.19,71.77413334,15.88,68069,23.43,37.37237215,16.57876566,12.93540378,23.1074351,2.875359807,0.527,-4.288,0.625,95379,94.43,0,4,3,0,0,0,0
-6.60285340163375,NY,3.451299306,7.3,42204,3.7,6.885521953,7.563788031,5.508310136,0.028736674,14.86035185,2.742875252,0.427155888,7.032159561,50.09943695,1637.35,80.1049631,13.51,1028820,23.95,27.94832915,17.57489162,9.28374254,35.60856126,15.52273975,1.62,-3.379,2.192,1476601,71.57,5,1,1,0,1,1,0
-7.59342722101397,NY,6.268681387,16.2,29292,4,4.244047981,7.37684954,5.681057054,0.210071242,16.37946782,1.54661146,1.068623272,4.892528771,51.82975096,80.1,67.66583005,14.77,53101,22.66,33.5850549,18.51565884,10.87926781,23.18977044,9.39889112,1.582,-3.702,1.064,75432,74.51,5,4,4,0,0,0,0
-7.69217557574017,NY,3.430888285,10.2,31330,4.1,3.884673748,6.611749404,3.971385216,0.676349447,15.26555387,1.396054628,0.89746369,14.73227834,48.49338825,98.58,76.96183587,15.71,34739,23.43,36.12366505,18.10069374,11.11430957,25.47281154,1.753491691,-0.153,-5.972,0.472,48203,96.05,3,2,2,0,1,0,0
-11.5345108159953,NY,12.54887462,16.8,31464,3.6,3.619900498,3.024875622,1.91840796,0.216915423,11.07462687,1.872636816,1.261691542,5.367164179,69.34328358,213.98,55.30437878,10.76,59782,16.4,19.39045198,12.45525409,9.6768258,52.71151852,13.11746081,6.405,-0.925,1.357,102180,80.24,0,3,2,0,1,0,0
-7.66830772606941,NY,6.897416604,14.3,33879,3.8,6.066894953,7.581889246,4.86089493,0.111837478,14.57461405,2.043051664,0.938512446,6.033459006,52.29612719,162.33,68.75997642,14.82,129932,20.17,29.75017702,18.21722132,10.36311301,32.20684666,7.847609912,1.312,-2.029,-0.627,177573,81.7,5,3,2,0,1,0,0
-7.63180705169928,NY,3.763737563,10.8,33605,4.6,4.521401509,7.023201929,3.935873751,0.178476375,15.38027993,1.430942167,0.39139556,7.924977299,53.42392836,75.79,70.94327296,17.12,47790,20.61,31.83092697,18.74241473,11.07553882,30.00418498,3.700372208,0.404,-1.081,-1.54,63944,95.25,5,3,2,0,1,0,0
-8.31395030180836,NY,4.152367293,11.4,27156,4.1,4.222588219,7.944072607,4.226092441,0.749903634,14.88593755,1.180923012,3.584819708,14.06594947,43.50141921,76.06,72.9184889,15.36,44839,21.07,38.16097594,18.38131983,10.74064988,20.40857289,2.16245067,0.126,-2.909,-0.488,61204,93.32,4,3,2,0,0,0,0
-10.0203813040076,NY,4.710399714,9.6,29028,4,4.339980356,6.603622741,4.061307933,0.354051029,16.04650632,1.653760936,2.960323443,16.31832614,44.17414742,155.3,75.94510191,14.25,63828,23.78,34.58826847,18.95406405,13.6084477,22.2927242,2.790129436,0.403,-5.152,1.063,89918,90.98,3,1,1,0,1,0,0
-6.50109330901546,NY,4.30052838,8.3,54572,3.8,10.20061487,6.565577615,4.225730811,0.005210776,11.34490126,3.213798135,0.218018863,3.827210672,56.57381064,2204.69,61.29265371,14.66,665958,24.02,19.56099334,13.81123134,6.229672141,48.18577148,25.56360089,2.937,-1.449,3.227,967506,57.38,0,1,1,0,1,0,0
-8.80139421203136,NY,3.875761788,9.9,27150,4.4,4.105161082,7.434543691,5.123370326,0.42560069,11.2649499,1.104406853,6.890421291,13.05893761,43.31968538,71.12,76.32627253,13.58,29144,20.65,40.69791381,18.57329124,13.81759539,16.54199835,2.046098854,0.185,-5.424,0.043,39859,90.24,4,6,4,0,0,0,0
-8.17731516166019,NY,5.547390081,12.7,27512,3.7,3.693766211,8.237188087,3.255522762,0.11626867,13.92540918,1.082193006,8.129863161,13.80019676,44.11054467,74.96,79.21142984,16.63,16597,24.52,34.0001205,16.99102247,10.82123275,24.40802555,1.487464513,0.43,-3.724,1.899,24913,96.15,5,1,1,0,0,0,0
-8.36453722727803,PA,3.936975691,8,30534,3.3,3.783310446,7.391486059,4.830139113,0.320417139,14.2714988,0.949310407,2.581248632,17.15127271,43.67424921,195.51,77.23668443,15.73,71478,22.13,40.5005736,17.05559753,8.641819861,22.43347603,4.024582692,0.531,1.388,0.119,103009,90.56,0,3,2,0,0,0,1
-8.19698546025203,PA,5.713432931,11.7,36907,4.1,9.091243479,4.953190019,4.81277607,0.605635109,13.38490374,1.956519653,0.147450639,7.833435152,54.11934226,1675.65,64.72600193,16.76,883370,19.75,27.75631955,16.12246284,9.704993378,40.7036689,5.687273012,2.235,-0.128,-0.519,1216045,80.62,0,1,1,0,1,0,0
-8.77550309420953,PA,5.083351111,9.2,26465,5.1,3.972057235,9.054400648,5.824784017,2.217197624,14.36960043,1.265523758,0.988795896,15.25715443,43.72975162,105.54,76.25580564,18.4,48718,20.58,48.04589679,15.23461554,9.942936902,16.24861448,0.464337942,0.017,-3.589,-2.566,64735,97.66,2,1,1,0,0,0,0
-7.43248990806322,PA,4.561946041,11.2,30016,4.5,5.880757137,5.768543067,8.896972686,0.739872988,14.49041248,0.992662926,0.33664221,12.22886738,47.51710956,392.3,73.26206984,18.56,121628,20.45,38.22557306,19.05317854,12.19538264,23.67464729,1.748993385,0.094,-1.397,-2.53,163929,90.42,0,1,1,0,0,0,0
-8.9849025241086,PA,5.050904624,10.5,25163,4.7,2.634328019,9.61529727,8.261797702,0.799382295,15.5107417,0.98106009,3.301993914,13.7893446,40.80483263,49.16,79.79058656,19.04,35353,21.58,51.23751874,13.76969423,8.268039487,14.19964359,0.674744399,0.103,-2.028,-1.616,47888,97.53,0,6,6,0,0,0,0
-7.00274734505575,PA,5.808043889,11.4,30187,4.3,5.394628018,5.487180497,5.464534678,0.223996692,15.1820527,1.299673113,1.591607262,18.58877161,44.2730692,480.37,71.67550351,14.48,281665,23.85,37.23891857,16.5657785,8.179930059,24.48689045,7.461081696,3.248,0.13,2.085,421164,76.9,0,2,2,0,1,0,0
-9.22548346768568,PA,6.245811997,14.4,26648,4.5,3.629010896,6.632878309,6.940152224,0.399102901,18.99977043,1.668815229,1.126671023,10.58329066,45.83149381,241.71,70.16174334,17.73,88518,21.15,45.40432454,15.77080368,8.945073318,20.80932692,1.224947918,0.202,-1.753,-2.353,121829,95.6,0,3,2,0,0,0,0
-9.62120752937334,PA,4.932304942,12.5,27319,4.4,3.50456792,7.293694773,6.743297888,2.119215216,13.28066497,1.415306275,3.276171934,18.19679497,41.31720833,54.58,75.36272771,17.81,43245,22.74,46.73141404,15.16938374,9.173314834,17.84021274,1.443625212,0.312,-4.036,0.198,60323,96.75,0,6,5,0,0,0,0
-6.97570365287151,PA,2.878369436,5.7,44103,3.8,7.634830169,6.614452874,4.091189603,0.09680425,15.49321765,2.156617175,0.392662238,11.51577304,48.81959318,1034.65,76.54802576,14.59,445326,22.95,28.79800416,16.71045481,7.882090873,40.46496275,9.006178457,1.091,0.508,-0.047,628270,86.88,0,1,1,0,1,0,0
-9.19898668846308,PA,3.690411776,8.7,36383,3.9,6.306614986,6.54752982,5.936141508,0.653146883,15.32860783,1.669272116,0.579266334,13.65612352,46.04578453,233.15,75.62303253,15.15,132065,22.44,33.15564305,16.01559838,9.985991746,35.4189225,2.418447091,0.373,2.776,-0.746,187853,95.86,0,1,1,0,1,0,0
-9.98502145551739,PA,6.506282874,14.7,25779,5.3,4.634363386,5.988379194,6.349566401,1.10798974,14.3899077,1.568634294,0.570571095,9.479855525,50.47024131,208.73,73.97566602,18.84,96069,19.65,44.91146988,15.04959977,9.920994285,21.42522562,1.267930137,0.26,-6.054,-3.195,130192,93.31,0,3,2,0,0,0,0
-8.40043463080604,PA,5.603448276,13.9,25898,6,1.812267658,4.089219331,4.507434944,1.25464684,9.897769517,0.882899628,4.089219331,33.96840149,33.96840149,12.83,72.89426523,21.36,3605,19.37,47.37864078,18.25242718,9.486823856,15.9223301,2.283397354,1.102,-9.014,-3.464,4447,98.03,3,7,10,0,0,0,0
-7.70221340744702,PA,5.343353448,11.9,26867,5.4,4.619157923,6.298542036,7.163782532,0.286142526,13.64627333,2.905709225,0.814143616,16.03079439,45.09129309,171.05,77.48164264,17.85,47056,20.75,45.45647739,16.54624277,10.85515131,16.78638218,2.762353162,0.106,1.407,-3.041,64182,93.75,5,2,2,0,0,0,1
-9.51283100445652,PA,12.48323929,18.1,29432,3.3,3.810218788,4.14250531,3.106553211,0.569447883,11.19740426,1.042467521,0.845701776,7.069232874,64.64862329,138.74,61.83428887,11.28,97616,15.92,29.96435011,12.31765284,7.305154893,44.73959187,8.730016167,6.003,3.882,1.406,162385,87.95,4,3,2,0,1,0,0
-7.29060341216898,PA,3.196023713,6.7,48225,3.2,10.24563767,5.625680168,3.521324874,0.145102423,12.84970794,2.188751601,2.40899635,11.01482858,49.81936229,664.73,75.23998903,12.8,350478,24.87,21.42217201,13.78003755,6.237481383,51.81124065,9.60329185,2.076,2.132,2.881,524989,82.1,0,1,1,0,1,0,0
-9.17055950196434,PA,6.887096345,15.3,24293,4.9,3.288727603,6.838285325,6.333635745,1.190746201,12.08323883,0.714447721,1.627353141,13.09253799,50.35722386,66.55,68.97118301,16.42,26347,19.39,45.01081717,12.88571754,9.014309029,22.65912628,1.303216834,0.406,-3.156,-0.564,38438,96.84,4,6,4,0,0,0,0
-10.5873038353546,PA,6.275548623,15.4,23743,5.2,4.179447853,6.851698915,8.232067013,2.3684521,15.58223218,0.949740444,1.114912695,11.5768051,43.40490798,71.32,77.54314332,17.46,59251,19.96,49.14516211,13.40399318,10.06058969,14.31368247,3.033060736,0.663,-0.732,-2.076,79255,94.35,0,4,5,0,0,0,0
-8.77012852753818,PA,6.797680412,12.3,23780,5.4,3.391727766,6.889796832,4.796552303,1.085800638,15.3411317,1.309677058,1.22012649,16.60603347,44.65215201,44.19,69.43841563,16.18,25257,20.69,45.50025735,13.92089322,10.32980956,18.97691729,1.358959922,0.293,-1.999,0.392,38632,95.87,3,4,5,0,0,0,0
-7.49810039664613,PA,8.05550579,12.3,25794,4.8,3.65392274,5.439399973,6.51135006,0.311960706,14.11788132,1.69919023,1.078587548,16.33811231,47.21226603,139.3,69.45301332,16.07,43862,18.66,43.35415622,15.3937349,8.729652091,22.50467375,2.296889157,0.217,-1.979,-1.572,64964,94.36,0,3,2,0,0,0,0
-10.2474436200671,PA,5.066103362,13.4,25731,4.7,3.243158962,6.314804709,4.594475196,0.740625244,11.98513552,0.831579221,2.424573166,21.44954653,43.99313947,87.69,72.99782932,16.57,59902,22.43,46.2889386,15.09298521,7.139995326,20.79897165,1.287080451,0.214,-3.83,-0.667,84629,95.68,3,4,5,0,0,0,0
-8.15215460237795,PA,3.373318793,7.3,36012,3.4,8.140697933,4.966182961,6.683231194,0.214333344,15.19067729,1.417775379,0.832724732,8.085923856,45.80779856,431.57,70.38239429,15.61,172930,20.69,32.92661771,15.68322443,7.899728214,35.81391314,6.350405968,2.133,6.405,1.007,253370,89.43,0,2,2,0,1,0,0
-7.43659211292803,PA,6.232743956,13.2,32485,4,6.828261314,4.289819975,6.723951799,0.173606046,14.37137105,1.359670878,0.660870073,8.675925656,48.12534648,510.62,63.21675441,13.74,189970,23.21,33.61530768,16.99899984,8.639785229,30.49270938,7.455694589,3.411,0.669,3.065,278299,69.9,4,2,2,0,1,0,0
-6.59609993033209,PA,4.748307992,8.8,38251,4,8.215235041,5.073892693,5.62357343,0.06320245,12.57295369,2.028256913,0.278451937,7.361460229,55.20679842,3040.52,69.12526344,14.26,381502,23.33,30.52644547,16.48405513,7.5284009,38.26926202,10.13474066,2.6,-0.543,1.933,566747,71.1,0,1,1,0,1,0,0
-9.20740272798884,PA,4.080820145,9.2,28476,4.9,2.607553366,4.551724138,3.947454844,0.939244663,10.32512315,0.505747126,0.564860427,40.1182266,33.68144499,38.61,77.46776426,18.99,22370,20.82,48.48904783,13.23647743,11.95350916,18.62762629,0.849451124,0.035,-3.653,-2.47,29910,98.12,3,7,9,0,0,0,0
-8.92165779919082,PA,7.227122402,15.3,27349,4.6,6.573720879,4.987232433,3.524479052,0.315248574,12.60994294,1.426499795,0.697487469,16.45755178,50.23958892,351.08,65.80009087,14.55,187964,22.74,39.01917388,15.63331276,8.957034326,27.66327595,4.764613801,1.998,-4.716,0.773,269728,86.53,0,2,2,0,1,0,0
-9.82379478362688,PA,7.974904801,14.6,25876,5.9,3.417142027,8.082331141,7.47556589,2.870326636,15.52156378,1.447879955,0.50866548,10.88180794,45.79079315,172.84,73.91719103,17.99,96690,20.26,49.15089461,14.14830903,9.048505533,16.21056986,1.287333036,0.317,-2.235,-3.018,129274,92.89,0,1,1,0,0,0,0
-8.88861880730088,PA,6.412639405,24,15360,6.8,6.351039261,8.198614319,7.736720554,1.385681293,12.70207852,1.03926097,1.732101617,14.78060046,33.83371824,18.06,85.89822195,18.38,6041,12.4,55.61993048,15.87485516,3.509352756,7.41599073,1.795674058,0.493,0.532,-6.488,7247,75.82,4,9,9,0,0,0,1
-8.08016646426727,PA,3.600456907,11,29748,3.8,4.700469637,6.108016601,6.240443425,0.182940149,15.37652905,1.366590214,2.450578855,15.45844255,41.96565094,193.75,70.01993024,16.49,107004,23.89,42.69466562,15.14522822,8.604351239,20.98519682,3.540139576,0.951,1.493,1.91,155027,90.23,0,3,2,0,0,0,0
-8.48549610467298,PA,4.854705597,11.5,26082,4.4,3.370107299,10.03475895,5.954359982,1.042768626,13.85824392,0.831192383,2.826054103,21.67145232,34.66827868,33.93,78.63865546,17.14,10466,23.11,52.18803745,14.22702083,7.452703994,13.41486719,0.758306907,0.101,-1.11,-1.124,14530,96.91,3,8,7,0,0,0,0
-9.80463360098344,PA,6.276586251,15.9,26902,5.1,2.388752389,10.00546001,6.825006825,9.78023478,12.53753754,0.839475839,0.662025662,5.978705979,44.86759487,67.17,74.1467877,15.33,26363,19.85,46.36042939,15.00587945,7.806395327,18.24526799,0.845358604,-0.008,-5.201,-0.948,36233,94.11,2,6,4,0,0,0,0
-8.92589749211547,PA,5.392095593,13.7,24159,5.9,3.018500487,9.325976415,4.879368171,0.730282376,11.89548848,1.325327275,2.666883047,13.47506221,45.08817484,52.49,75.64850071,16.24,32727,20.13,49.21929905,15.35123904,7.602285575,16.94319675,1.483895115,0.615,-0.378,-1.47,45144,91.91,4,6,5,0,0,0,0
-8.9415692638101,PA,7.786653959,15.5,25276,5,4.633359119,7.572888047,6.220491344,3.585051615,14.80701006,1.197684654,1.595134573,9.264050788,47.45658727,107.47,70.31747905,15.69,55673,18.95,43.7087996,14.57798215,8.747507769,22.63035942,1.653547898,0.713,-4.376,-1.013,84073,94.36,2,4,3,0,0,0,0
-9.98568946590791,PA,5.598870971,14.4,24974,4.7,3.026798733,7.702750264,6.983759867,3.424003218,13.23847353,1.065915833,1.448036603,17.33118809,41.88244758,69.28,75.47793122,18.26,31347,21.59,50.12281877,13.36970045,9.790410566,16.384343,0.605661918,0.055,-2.692,-1.156,43425,97.93,3,7,9,0,0,0,0
-8.17127649596703,PA,3.354349528,9.4,25057,4.4,5.039835288,9.247157819,7.304628055,0.331214752,13.52609435,0.966789007,5.084594038,21.53791066,31.70709874,62.95,76.11654615,16.78,17197,24,49.45048555,12.58359016,6.768622434,14.22341106,2.251445322,1.141,-0.475,1.031,24763,95.73,3,6,7,0,0,0,0
-6.88268073299938,PA,7.223538433,14.2,28427,4.9,6.359921111,5.542565521,5.949210093,0.331415326,15.43317813,1.609295895,0.278551532,11.34131712,48.17823232,467.1,64.99976913,17.67,149307,20.49,36.78126277,17.1070345,9.269491718,27.71135982,5.511364174,2.79,-0.146,-2.104,209674,89.65,0,2,2,0,1,0,0
-7.13913456926315,PA,4.281036181,7.9,30778,3.4,4.745982374,8.100792417,4.933718433,0.13922832,15.28697327,1.305635785,2.559431238,16.03421462,44.41642598,550.37,68.02575429,14.97,360878,24.84,35.8112714,14.72547509,7.413585755,26.90382899,5.031884639,2.217,1.146,3.736,545724,84.89,0,2,2,0,0,0,0
-8.4119964050441,PA,5.672093815,15.8,27734,5.1,5.629415787,6.323279901,5.350857201,0.400111423,14.70536099,1.438375244,1.228190129,15.06242245,46.70921016,254.37,73.96428862,18.8,62572,21.24,43.42996868,16.3475676,9.040785016,21.3817682,1.558673411,0.208,-3.467,-2.582,85512,93.16,0,4,3,0,0,0,0
-7.80169462098118,PA,5.03466564,10,28560,3.9,4.289947437,5.805798353,5.863871227,0.245692929,16.54630195,0.935122176,1.578390935,14.6701014,46.08157005,369.14,69.82038625,17.02,95065,23.03,44.16767475,15.23694314,7.301320149,20.33871562,4.064208143,3.608,4.872,1.21,141793,86.85,0,3,2,0,0,0,0
-6.97877709851317,PA,5.424424779,12,32252,4.5,5.261521415,4.959070146,7.253177152,0.098932658,15.66414907,1.566527973,0.435869024,14.39159242,47.97612048,1012.55,64.83609646,14.77,246766,23.66,32.92552459,16.9764068,9.245195854,29.4197742,11.46649458,4.858,3.362,2.108,369318,71.6,0,2,2,0,1,0,0
-7.42623093159684,PA,6.741334414,14.3,27919,5.7,5.458381588,5.562211307,6.998522423,0.200338112,16.40043662,1.72383957,0.521145322,13.47257165,44.94229464,360.45,68.56326237,17.95,226835,20.19,38.89567307,17.49685895,9.785526925,23.16397381,6.382202313,2.442,1.209,-2.324,317417,88.2,0,2,2,0,0,0,0
-8.45974944275453,PA,6.159510332,13,26867,4.8,4.476750679,6.358661256,5.718327687,1.692044228,14.6104017,1.276944269,1.08335505,13.73925021,46.91932542,94.51,69.39887139,16.46,80595,20.85,39.10416279,17.34102612,10.5713754,22.77932874,1.864024587,0.508,-2.151,-0.367,113299,91.9,0,3,2,0,0,0,0
-9.51357586052137,PA,7.049074194,16.8,25517,5.3,2.441561285,5.64405759,4.883122571,2.561997044,11.52351234,1.275524169,1.625882739,20.04707943,45.41522965,44.37,73.71425243,16.99,29589,21.06,47.83534422,16.37770793,8.729595458,18.14863632,1.514136727,0.152,-4.21,-2.065,40625,94.45,2,7,8,0,0,0,0
-8.96394647108154,PA,5.520638211,15.3,26561,4.9,3.706018752,5.081157375,4.262526464,0.477870753,15.07006755,1.221897369,1.31061599,16.13267466,48.03710051,173.42,72.93821152,18.48,79179,21.63,43.46985943,15.03050051,8.785157681,22.55269705,1.596377519,0.302,-3.808,-2.351,109424,91.03,0,2,2,0,0,0,0
-10.0462883511678,PA,4.214087973,15.1,24407,4.7,2.33385513,7.338361558,5.46938001,0.384232247,13.42441061,1.100517053,2.461932546,22.39457331,40.90887529,113.57,70.37289201,18.51,32456,23.1,51.79319694,13.9296278,7.006408676,12.47843234,0.752771666,0.311,-1.904,0.825,46138,96.82,3,4,5,0,0,0,0
-7.19312804641545,PA,5.091157813,12.3,28486,5.4,6.713213653,5.90161428,6.655879318,0.26501204,15.74655675,1.309771045,0.542765044,9.555722604,48.85267624,279.21,77.71358112,12.78,115370,23.89,35.44508971,21.27589495,8.234376354,24.39715697,10.22221427,1.398,0.204,0.044,170271,70.5,4,3,2,0,1,0,0
-6.86871242038217,PA,2.879362547,5.9,46776,3.5,9.575634,5.43832617,3.339550726,0.059547945,12.80605211,2.268382821,0.224057833,11.45475399,52.37670447,1655.92,71.80593026,15.09,575812,22.94,23.84319882,14.62213361,7.047265427,48.70617493,10.79750299,2.371,2.188,1.563,830915,78.99,0,1,1,0,1,0,0
-8.01917410169746,PA,4.799772792,10.1,34095,3.6,3.903663965,3.903663965,5.535897729,0.319598219,12.31594567,0.75333866,1.929003538,9.405319028,57.63040749,140.25,68.75167068,18.59,13414,21.21,40.85284032,11.05561354,5.949008499,32.84628001,4.345687111,1.885,-0.246,-0.142,18230,94.19,0,3,2,0,0,0,1
-6.9185805793737,PA,3.710529126,10.2,34017,4.5,5.813641246,5.788131042,5.721670247,0.12755102,14.86439313,2.175080559,0.510204082,13.98294844,47.78732546,805.4,71.70596637,15.65,210590,21.89,34.80934517,17.34982668,9.242604112,29.18657106,7.554559975,1.784,2.755,-0.288,305285,81,0,2,2,0,1,0,0
-7.83339109808043,PA,6.404304346,13.3,25506,5.6,3.228435156,5.229729406,6.358603169,0.975481149,13.72863888,1.095319129,1.342185365,15.74191693,46.29341131,206.23,70.89594194,18.53,67364,20.57,50.01039131,12.56012113,8.51938721,16.0441779,1.153533712,0.223,-1.55,-2.108,90843,94.33,0,4,5,0,0,0,0
-8.95057605803957,PA,3.779166023,9.8,29685,3.7,7.798648293,11.2832441,9.606776091,0.092161854,14.86439042,1.053278329,2.400596858,8.43061529,35.89923637,83.36,79.81869438,13.69,32538,23.29,46.47796423,15.7262278,8.888069334,16.4423136,1.180210783,0.248,-0.973,1.738,46272,96.65,0,2,2,0,0,0,0
-6.79733582299536,PA,11.6711277,24.3,26557,5.5,6.20893857,4.202104321,6.073532104,0.079471392,12.0110766,1.94784817,0.202819128,6.391853529,56.90950722,11379.49,52.97724529,12.14,1063753,22.53,33.01208081,16.64079913,5.706117868,28.5758066,13.8677213,4.982,-0.971,4.621,1584064,36.87,0,1,1,1,1,0,0
-7.83868380819949,PA,4.229475407,10.3,33111,5.6,7.747385358,7.554304103,5.454545455,0.390185036,16.27111826,1.733708769,0.679806919,6.134352373,48.78117458,105.27,83.09176535,16.22,40759,23.28,33.97777178,22.3975073,8.55516573,27.96192252,8.546253919,0.553,-1.147,-1.555,55809,82.88,5,1,1,0,1,1,0
-9.71281119135942,PA,5.034160374,14.8,24087,5.9,2.397828382,7.193485146,7.223646509,2.066053386,9.696878299,4.916302217,4.569446539,16.93560549,39.66219273,16.14,77.09642802,19.49,12176,22.35,47.47864652,16.99244415,8.212877792,15.45663601,0.950581567,0.109,-4.223,-1.094,16526,97.38,5,9,9,0,0,0,0
-7.90782846252408,PA,5.43816628,13,26070,5.4,3.559633028,6.656561627,6.543278819,0.84563223,16.03988831,0.856800957,1.298763462,18.88631831,40.36218588,190.45,75.38351523,18.09,104909,20.05,46.60801266,15.70313319,10.06777302,16.21309897,1.836926613,0.304,-1.311,-3.362,141359,93.23,0,4,5,0,0,0,0
-9.50732900374826,PA,4.289572354,10.7,26415,5.4,3.139235492,7.739156269,4.609823727,0.252525253,15.89423648,0.698158051,2.802535155,19.0087146,40.8694791,120.78,72.17314488,15.48,26998,22.4,46.17008667,12.98244314,8.119119935,18.37173124,1.534621658,0.35,0.045,1.627,40372,96.03,0,7,8,0,0,0,0
-9.81805220568557,PA,5.007237134,12,25294,5.3,4.416771463,7.934852621,7.042296721,1.984479956,13.40674171,0.883354293,2.518173174,13.65825231,43.29049474,72.36,78.24491719,18.56,55686,19.46,50.14007111,14.42193729,8.007398628,15.49402004,0.924628748,0.332,-1.987,-3.558,73447,95.53,5,4,3,0,0,0,0
-8.71078434046842,PA,5.498913589,14.3,28665,5.2,2.66864344,11.26760563,7.042253521,1.816160119,11.74944403,1.445515196,6.1897702,15.38176427,37.21275019,14.29,82.13891951,24.22,4914,15.96,48.53479853,16.28001628,7.590557591,17.31786732,1.699854298,0.734,2.201,-7.523,6066,94.73,5,8,7,0,0,0,1
-7.27264637769221,PA,5.277709812,12.8,29630,4.3,3.821516562,8.831097728,6.624692034,3.334245825,15.85546126,1.100465371,2.211880646,12.64713934,42.49657815,52.65,76.57808267,18.09,30530,21.14,45.51916148,17.24205699,8.584998362,17.84146741,1.671504596,0.039,-4.972,-1.982,40328,97.14,2,6,7,0,0,0,0
-9.22505655581186,PA,5.147240172,15,26059,5.3,3.487922171,7.224586811,5.809518545,2.492952297,14.93560334,1.088939252,2.968326792,16.63810735,41.45155049,37.03,73.57522562,18.01,29164,20.46,45.36757646,16.76724729,8.599643396,19.1091757,1.258914277,0.133,-2.68,-0.615,40591,96.62,5,6,6,0,0,0,0
-8.76683956259645,PA,5.391570455,12.6,25606,4,2.716440752,6.340183647,5.077612593,0.174901618,15.22190643,0.83624836,2.874945343,12.7896808,49.92348054,142.25,72.00624194,14.8,30538,18.49,38.82376056,14.61785317,7.397341018,25.54194774,2.87050583,0.731,-0.549,0.376,44923,85.24,4,4,5,0,0,0,0
-10.13994211791,PA,4.871714765,15,25837,4.9,3.55481436,6.223119459,5.933467919,0.803124726,14.14465022,1.18054946,1.272711314,17.04555429,43.97875889,81.54,75.55099247,17.98,38202,21.52,48.41631328,15.50704152,8.185435318,17.64829067,0.723613869,0.025,-5.577,-2.252,50668,96.49,3,4,3,0,0,0,0
-9.88310625784426,PA,4.926699699,11.2,27593,4.5,4.977475003,5.142292056,4.411603121,1.329524228,15.33897374,1.027359631,1.977804637,21.56356444,40.83617185,47.29,76.62763466,18.75,29308,20.85,46.07956872,16.98853555,10.24293708,19.2575406,1.119020857,0.208,-3.876,-2.301,39191,97.64,0,6,5,0,0,0,0
-8.90762684349567,PA,3.650882227,9,34244,4.5,5.971959151,7.585460449,5.4428109,2.910315384,14.16072878,1.755810108,0.788711504,11.08305022,47.3677881,242.5,75.63495838,17.5,148805,20.54,38.22317798,15.25217567,9.886764558,29.54739424,1.917637933,0.382,1.911,-2.427,206865,93.43,0,1,1,0,1,0,0
-8.44877807507456,PA,4.085175811,13,26570,4.7,4.859178186,10.79398028,5.779119687,0.882200311,14.52092277,1.528518187,1.967259518,7.180261358,46.74246356,72.8,80.46320508,18.98,39119,19.01,43.75878729,17.51322887,8.1750556,20.37628774,2.881480907,0.036,0.615,-3.465,51361,91.99,4,6,4,0,0,0,1
-8.85052048789337,PA,4.132100655,9.2,32916,4.5,5.333171319,5.944776188,6.306994399,0.593088923,15.76169976,1.200064806,0.421816414,14.34754432,47.12366338,355.38,77.46348861,18.86,261148,19.88,37.47453551,17.07307734,10.93249805,28.53209674,1.574061807,0.168,-0.985,-3.434,348899,94.78,0,1,1,0,1,0,0
-7.99878332429194,PA,4.524431182,11.8,28810,4.9,4.656541516,7.570734716,7.169840413,1.318325495,17.223036,1.726929304,1.611286717,13.72292036,41.60049341,71.17,77.85608309,16.01,19623,21.75,47.39846099,16.9545941,8.953778729,19.57396932,1.217920835,0.22,-4.387,-0.737,26794,96.44,3,2,2,0,0,0,0
-8.19463022248116,PA,4.502673944,8.8,31468,3.8,5.384656874,7.144783445,6.030096546,0.123154924,14.73993635,1.394257565,0.67825102,15.90631236,43.60223657,481.07,74.70042746,14.04,308348,23.45,40.19808787,15.92097241,9.057298896,24.22165865,3.937488458,1.187,1.223,1.91,449058,86.16,0,2,2,0,1,0,0
-7.95571390353695,RI,3.322560652,7.7,43617,3,7.71581663,4.270688629,3.020440564,0,12.02619567,2.548124628,0.333399484,8.38658464,57.76146061,2064.01,69.64148724,16.73,34168,20.37,19.88410208,15.46768907,7.615312573,47.13181925,9.153374233,0.821,0.261,-2.949,48479,94.34,0,1,1,0,1,1,0
-7.36502188565356,RI,3.452419837,7.8,38039,3.2,7.65382576,5.615879383,4.648777002,0.018442954,14.7324619,1.556124213,0.195956382,11.38045508,49.8051963,985.94,69.87491465,15.69,120446,20.62,28.44511233,19.87695731,11.1136941,32.13141159,6.141790908,0.593,-0.194,-0.853,164292,91.56,0,1,1,0,1,1,0
-9.36958824310534,RI,4.256686919,8.1,45442,3.1,6.778964667,6.713712601,2.810672338,0.045918121,11.78887331,1.537048673,1.068200493,6.907052057,57.09314128,809.56,62.04105972,16.97,60672,19.82,21.7052347,16.62051688,7.398800105,47.90842563,6.898585615,2.277,-0.902,-0.414,82082,87.87,4,1,1,0,1,1,0
-6.63773080604271,RI,6.590403215,16.1,30356,3.9,6.72041797,5.263005128,3.968458735,0.041281001,15.40910117,1.733157029,0.318960235,11.45225272,51.47418325,1530.32,53.48845997,13.47,431878,21.96,30.85408379,18.20051033,7.656560418,28.1148843,18.58484901,4.961,-0.548,2.315,638931,66.12,0,1,1,0,1,0,0
-7.53599770219399,RI,4.586345917,8,41000,3.1,6.050329075,5.900116144,2.838559814,0.038714673,13.16918312,1.313201703,1.155245838,10.22996516,55.15137437,385.68,74.54134512,14.98,86024,20.07,22.70412908,17.638101,8.825444062,44.95257138,4.751984284,0.644,0.523,-1.719,125577,92.4,4,1,1,0,1,1,0
-9.41407002043108,VT,3.752610064,8.9,33120,2.3,4.306387226,9.181636727,3.278443114,0.234530938,13.01397206,1.24251497,4.466067864,10.98303393,50.42914172,48.05,74.07859906,13.86,25425,20.37,30.54867257,16.76696165,8.892822026,36.67649951,4.623839303,1.526,0.027,-0.152,36777,94.13,0,6,6,0,1,0,0
-9.78335175129615,VT,4.37909634,11.4,31896,2.9,3.250826965,7.294399452,2.087373104,0.022812821,15.38154443,2.155811566,2.55503593,13.83597582,50.5475077,55,73.34360555,18.84,25587,20.48,29.2922187,19.16598273,7.675772853,35.74080588,3.212694878,0.561,-1.618,-2.719,35470,95.67,5,6,5,0,1,0,0
-10.3087859800872,VT,5.024919779,12.5,28085,3,3.816689466,8.720930233,3.180574555,0.136798906,13.68673051,1.210670315,3.66621067,12.14090287,49.63064295,48.13,72.18765351,15.35,21647,21.75,36.0558045,18.83863815,7.959532499,28.08241327,2.218570255,-0.022,-3.164,-0.6,29993,95.78,0,7,9,0,0,0,0
-8.31737546540552,VT,5.721259202,10.4,37507,1.8,5.230999165,4.94417337,3.217723856,0.09231175,13.2841004,2.256143127,0.949492285,10.28726537,55.14638006,291.75,62.97400612,11.3,106268,20,19.17134038,15.87119359,8.339293108,50.70388075,8.989089922,3.431,1.88,2.588,163774,91.25,0,3,2,0,1,0,0
-8.72664341559844,VT,5.115378409,15.5,24163,3.2,2.529815685,8.890495121,3.614022407,0.325262017,13.73328515,0.867365378,3.758583303,14.31152873,45.82580412,9.5,80.15239478,19.35,4716,18.98,45.48346056,14.63104326,10.072095,15.62765055,3.543814433,0.111,-0.871,-1.489,6163,96.64,4,9,8,0,0,0,0
-8.72834512987807,VT,3.178559657,11.1,30692,2.3,2.705094659,7.068647068,4.028782515,0.080806526,14.40664922,0.988917962,4.163460058,15.13006003,42.93135293,75.34,74.50220644,12.16,34079,24.73,38.16426538,18.5803574,10.29959799,23.71255025,2.772055074,0.5,0.146,3.16,49402,94.86,0,3,2,0,0,0,0
-8.88696203486613,VT,3.539439468,8.2,40464,2.9,4.497426172,8.046599837,2.1674343,0.704416147,13.46518559,0.731509076,3.359523164,14.06123002,47.14169602,85.2,82.40647118,14.05,5220,20.33,28.0651341,16.43678161,10.55555556,39.23371648,4.206748026,0.13,3.843,0.288,7235,94.69,5,3,2,0,1,0,0
-9.44793894425998,VT,7.337441219,11,33247,3.1,4.271430672,9.469195707,2.065872666,0.08087046,14.29201588,2.139391266,2.043817086,8.609028084,53.18335539,53.35,72.51814839,13.34,17651,22.34,25.13738598,19.65327743,10.50931959,37.32932978,3.118568941,0.522,1.379,2.076,25362,95.72,5,8,7,0,1,0,0
-10.2713892400893,VT,4.181356649,10.2,30836,2.4,5.180472605,9.069072968,3.732796676,0.298623734,13.32121527,1.772266944,4.206699559,9.036613867,48.59776681,42.12,80.91323458,14.78,21113,20.9,35.4710368,18.05049022,9.131814522,29.14791834,2.066558385,0.228,-0.366,0.187,28892,96.41,5,9,8,0,1,0,0
-10.2050355472245,VT,4.838647788,12.2,26657,4.2,4.069434209,10.05485958,4.118562188,0.098255957,13.56751003,0.892491607,5.731597478,10.26774748,44.18242856,39.28,77.03570511,17.72,19698,21.28,38.30845771,19.40298507,8.208955224,21.63163773,4.225038089,0.462,0.789,-1.553,27037,95.99,5,7,11,0,0,0,0
-10.2783731710119,VT,3.955840157,10.4,30109,2.8,3.485405692,7.984627108,3.810091774,0.851472683,16.29725342,1.630056654,2.223105722,10.81403439,49.24295133,66.29,72.50347982,16.64,42983,19.28,35.07898471,18.65155992,8.25675267,30.31663681,2.540785855,0.183,-3.256,-2.257,58191,96.31,5,4,5,0,1,0,0
-9.8766472185758,VT,5.217839925,10.8,34033,2.3,6.639255434,6.4735131,2.148275642,0.395231721,13.55581054,1.737107159,1.635111876,7.926945879,50.56097405,86.63,70.79831088,14.47,41815,20.69,27.28685878,16.39124716,8.300848978,41.46598111,2.835302769,0.139,-2.308,0.359,58409,94.86,4,4,5,0,1,0,0
-9.26444969762322,VT,5.993402201,12,31563,2.6,4.171991966,8.531130181,2.898484572,0.059339054,14.46047106,2.122512324,2.076866898,8.458097499,53.66076319,56.68,67.78951773,16.1,31820,19.85,30.21998743,17.58956631,6.970458831,38.61722187,3.457705678,0.393,-3.876,-1.247,42222,94.14,5,7,9,0,1,0,0
-9.81763913541009,VT,4.835838426,9.6,35152,2.1,3.905425375,6.667370347,3.229892337,0.098515235,13.42621913,1.741608613,2.223629583,10.00281472,55.43592991,58.46,73.15096668,17.81,41673,19.85,30.0914261,18.32361481,8.468312816,36.34727521,3.314269219,0.578,-1.076,-1.641,55062,95.45,5,7,8,0,1,0,0
-6.50158441341118,CT,4.093663823,10,55613,3.6,11.94520444,6.598768067,3.52966165,0.060355868,12.66884396,2.806863324,0.21892146,7.956459655,51.77482004,1467.19,67.30545007,13.53,641790,24.76,21.65833061,14.70262859,6.173514701,47.35474221,21.70905217,4.793,-0.654,3.262,943332,66.18,0,2,2,0,1,1,0
-6.43828110281926,CT,5.029383048,11.2,39260,3.9,11.04102989,4.943144903,4.375821904,0.023443099,12.88298768,2.343193575,0.17191606,10.95440206,48.8739498,1216.19,64.49017945,14.55,622446,22.82,26.91623048,16.68144707,8.179183415,37.75315449,15.3319996,4.515,-1.807,1.414,891720,66.14,0,1,1,0,1,0,0
-7.16809757813129,CT,3.336520975,6.9,42443,3.5,6.902146011,7.317999795,3.6533525,0.105760345,13.91621316,2.4992299,0.920012322,13.06191601,47.92894548,206.32,77.14733669,15.98,134752,21.56,29.66115531,18.3425849,9.50635241,35.07925671,7.895383842,1.186,-3.281,-1.688,180333,91.3,0,4,3,0,1,0,0
-6.73536148058119,CT,3.242753967,6.7,45293,3.2,9.210082901,6.409651547,3.977668442,0,12.40030554,2.300554919,0.515602885,11.3646065,49.8236391,448.62,73.644083,15.46,118792,21.18,26.09434979,17.1063708,9.451814937,41.52383999,7.648376671,1.539,-1.069,-0.851,162436,86.4,0,1,1,0,1,1,0
-6.64645954253429,CT,5.725225669,11.6,36678,3.9,6.456657573,5.768471052,4.23898586,0.039739031,13.55919129,2.10780498,0.197292603,11.00163398,52.81036768,1426.75,61.934414,14.37,595852,22.37,30.86286528,16.90940032,7.389251022,34.90229117,12.21159519,3.741,-2.157,1.16,854757,67.52,0,2,2,0,1,1,0
-7.80613847562716,CT,4.496052816,9.8,38109,3.6,4.615292101,5.526323702,4.355963799,0.090201149,13.04834782,1.507862533,0.668240176,12.99873718,51.86039869,412.19,66.53414275,14.23,188221,21.75,29.76288512,20.11040213,8.6887223,33.33581269,8.539093502,2.143,-4.031,0.82,265206,78.31,0,2,2,0,1,1,0
-7.73354425204427,CT,3.77752761,8,39668,3.3,8.941987164,6.220458729,3.488979551,0.027364545,12.12746903,1.803572317,0.812229464,11.12368775,51.47395393,372.22,72.05605446,11.93,95870,20.23,27.52685929,17.3109419,8.568895379,41.15364556,7.074813742,2.375,-2.354,0.711,150721,87.49,4,1,1,0,1,1,0
-8.89549263145163,CT,4.489594103,11.7,31106,4,4.179853209,6.64938388,4.359975759,0.131304289,15.15554508,1.754090634,1.27600835,13.39808767,49.52865127,230.89,69.65286058,12.85,80985,22.33,32.97524233,22.02012718,9.509168365,24.14521208,5.058435875,2.425,-2.165,0.678,116782,85.4,0,2,2,0,0,1,0
